Team,Week,ELO,Rank
Oklahoma,1,1546.11,1
Alabama,1,1545.18,2
Central Florida,1,1544.78,3
Ohio State,1,1543.26,4
Wisconsin,1,1542.96,5
Boise St,1,1538.66,6
Fresno St,1,1538.3,7
Stanford,1,1533.12,8
Southern Cal,1,1532.56,9
Penn State,1,1532.52,10
Iowa,1,1531.64,11
South Carolina,1,1530.13,12
Boston College,1,1529.77,13
Arizona St,1,1528.98,14
Oregon,1,1527.51,15
Notre Dame,1,1527.48,16
Washington St,1,1527.3,17
Duke,1,1526.32,18
Hawai`i,1,1525.98,19
Auburn,1,1525.96,20
Houston,1,1524.55,21
Minnesota,1,1523.69,22
Michigan St,1,1523.61,23
West Virginia,1,1523.46,24
Mississippi,1,1522.92,25
North Texas,1,1522.72,26
Northwestern,1,1522.3,27
Georgia,1,1521.95,28
Marshall,1,1520.81,29
Colorado,1,1520.72,30
Vanderbilt,1,1520.65,31
Kentucky,1,1520.59,32
Clemson,1,1520.3,33
Wake Forest,1,1517.51,34
Indiana,1,1516.49,35
Rutgers,1,1515.7,36
Louisiana Tech,1,1515.69,37
Oklahoma St,1,1514.88,38
TCU,1,1514.5,39
Memphis,1,1514.49,40
California,1,1514.23,41
South Florida,1,1513.99,42
Mississippi St,1,1512.54,43
Syracuse,1,1512.11,44
Toledo,1,1512.1,45
Ohio U.,1,1510.48,46
North Carolina St,1,1509.79,47
Miami FL,1,1508.44,48
Utah,1,1507.77,49
LSU,1,1507.48,50
Arkansas St,1,1506.91,51
Missouri,1,1506.89,52
Virginia Tech,1,1506.23,53
Iowa St,1,1506.03,54
Buffalo,1,1506.02,55
Texas A&M,1,1505.48,56
Cincinnati,1,1505.46,57
Kansas St,1,1505.35,58
Maryland,1,1505.29,59
Brigham Young,1,1504.95,60
Georgia Tech,1,1504.39,61
Alabama-Birmingham,1,1504.37,62
Florida St,1,1503.44,63
Pittsburgh,1,1503.41,64
Eastern Michigan,1,1503.27,65
Wyoming,1,1502.38,66
Southern Miss,1,1502.33,67
Illinois,1,1502.21,68
Florida,1,1500.93,69
Air Force,1,1499.85,70
Georgia St,1,1499.13,71
Washington,1,1498.36,72
Nevada,1,1498.12,73
Virginia,1,1497.67,74
Louisiana-Lafayette,1,1495.75,75
Arkansas,1,1495.23,76
Tulsa,1,1494.24,77
Akron,1,1494.06,78
Louisiana-Monroe,1,1493.64,79
Appalachian St,1,1493.62,80
Purdue,1,1493.62,81
New Mexico,1,1493.17,82
Nebraska,1,1492.43,83
Baylor,1,1492.11,84
Texas,1,1491.85,85
Georgia Southern,1,1491.85,86
Michigan,1,1490.53,87
Temple,1,1489.73,88
East Carolina,1,1488.3,89
Ball St,1,1487.72,90
UNC-Charlotte,1,1486.98,91
Arizona,1,1486.36,92
Florida Atlantic,1,1485.02,93
Utah St,1,1483.54,94
San Diego St,1,1483.2,95
Tulane,1,1482.94,96
Army,1,1482.73,97
Miami OH,1,1482.63,98
Troy,1,1482.36,99
Florida Int'l,1,1482.11,100
Navy,1,1480.58,101
Central Michigan,1,1480.09,102
Western Michigan,1,1479.42,103
Louisville,1,1479.29,104
South Alabama,1,1478.93,105
UCLA,1,1478.75,106
North Carolina,1,1476.72,107
Northern Illinois,1,1476.37,108
Middle Tennessee St,1,1476.1,109
Texas Tech,1,1474.73,110
SMU,1,1474.45,111
Massachusetts,1,1472.71,112
UNLV,1,1472.58,113
Texas-San Antonio,1,1472.04,114
Western Kentucky,1,1470.24,115
Kent St,1,1467.19,116
Kansas,1,1466.6,117
Tennessee,1,1466.54,118
Rice,1,1464.22,119
Coastal Carolina,1,1463.36,120
Connecticut,1,1463.35,121
Bowling Green,1,1461.84,123
Texas St-San Marcos,1,1461.08,124
Oregon St,1,1458.46,125
San José St,1,1457.98,126
Colorado St,1,1457.14,127
New Mexico St,1,1450.1,128
UTEP,1,1445.66,129
Old Dominion,1,1429.93,130
Alabama,2,1570.98,1
Ohio State,2,1569.94,2
Oklahoma,2,1565.92,3
Wisconsin,2,1564.76,4
Boise St,2,1561.62,5
Penn State,2,1559.18,6
Stanford,2,1553.4,7
Iowa,2,1548.11,8
Central Florida,2,1548.06,9
Washington St,2,1547.54,10
Georgia,2,1546.57,11
Duke,2,1546.43,12
Houston,2,1546.43,13
Vanderbilt,2,1544.72,14
Hawai`i,2,1542.26,15
Notre Dame,2,1541.83,16
Minnesota,2,1540.05,17
Oklahoma St,2,1539.77,18
Arizona St,2,1539.19,19
Kentucky,2,1538.33,20
TCU,2,1537.72,21
North Carolina St,2,1535.51,22
Mississippi St,2,1535.32,23
Boston College,2,1533.57,24
Colorado,2,1533.23,25
Virginia Tech,2,1533.0,26
LSU,2,1532.2,27
South Florida,2,1532.03,28
Missouri,2,1531.5,29
Oregon,2,1531.35,30
Auburn,2,1529.95,31
Maryland,2,1528.51,32
Clemson,2,1528.24,33
Indiana,2,1527.81,34
West Virginia,2,1527.08,35
Cincinnati,2,1526.9,36
Mississippi,2,1526.55,37
North Texas,2,1526.53,38
Utah,2,1524.97,39
California,2,1524.39,40
Marshall,2,1523.71,41
Fresno St,2,1521.94,42
Wake Forest,2,1521.14,43
Buffalo,2,1521.0,44
Appalachian St,2,1520.26,45
Louisiana Tech,2,1519.53,46
Michigan,2,1518.34,47
Syracuse,2,1516.39,48
Georgia Southern,2,1513.57,49
Michigan St,2,1513.4,50
Baylor,2,1512.72,51
Southern Cal,2,1512.29,52
Toledo,2,1512.1,53
Ohio U.,2,1510.48,54
Utah St,2,1509.4,55
Memphis,2,1508.69,56
Eastern Michigan,2,1508.35,57
Texas,2,1507.57,58
Illinois,2,1505.68,59
South Carolina,2,1505.51,60
Washington,2,1502.74,61
Northwestern,2,1502.19,62
Florida Atlantic,2,1500.34,63
Louisiana-Monroe,2,1498.95,64
Akron,2,1498.31,65
Texas A&M,2,1497.54,66
Southern Miss,2,1497.02,67
Florida Int'l,2,1496.47,68
Louisiana-Lafayette,2,1495.75,69
UNLV,2,1495.6,70
Brigham Young,2,1494.79,71
Miami FL,2,1492.52,72
East Carolina,2,1491.89,73
Kansas,2,1491.52,74
Coastal Carolina,2,1490.5,75
Iowa St,2,1489.56,76
Rutgers,2,1489.02,77
Purdue,2,1488.54,78
Troy,2,1487.41,79
Tulane,2,1487.08,80
Army,2,1486.82,81
San Diego St,2,1486.63,82
Navy,2,1486.38,83
Georgia Tech,2,1486.35,84
Virginia,2,1486.35,85
Air Force,2,1484.53,86
Florida St,2,1483.51,87
Louisville,2,1483.46,88
Florida,2,1483.19,89
Kansas St,2,1482.57,90
Arkansas St,2,1481.1,91
Texas Tech,2,1480.52,92
Middle Tennessee St,2,1480.34,93
Nebraska,2,1479.92,94
Tulsa,2,1478.52,95
Wyoming,2,1477.76,96
Arkansas,2,1477.63,97
Alabama-Birmingham,2,1477.23,98
Pittsburgh,2,1476.74,99
Temple,2,1474.75,100
Colorado St,2,1474.74,101
Nevada,2,1474.05,102
Georgia St,2,1473.41,103
Ball St,2,1473.38,104
Kent St,2,1472.33,105
Tennessee,2,1472.16,106
New Mexico,2,1471.37,107
Texas St-San Marcos,2,1465.14,109
Arizona,2,1464.48,110
Oregon St,2,1463.08,111
Miami OH,2,1461.19,112
UNC-Charlotte,2,1460.33,113
Northern Illinois,2,1459.17,114
UCLA,2,1458.94,115
Central Michigan,2,1455.17,116
Western Kentucky,2,1454.33,117
South Alabama,2,1454.04,118
North Carolina,2,1452.49,119
Western Michigan,2,1451.61,120
Texas-San Antonio,2,1451.43,121
SMU,2,1451.23,122
Massachusetts,2,1451.0,123
Rice,2,1447.94,124
Connecticut,2,1440.39,125
Bowling Green,2,1438.62,126
San José St,2,1437.74,127
New Mexico St,2,1424.24,128
UTEP,2,1422.64,129
Old Dominion,2,1415.57,130
Alabama,3,1597.88,1
Ohio State,3,1587.66,2
Penn State,3,1580.92,3
Oklahoma,3,1580.52,4
Georgia,3,1568.8,5
Oklahoma St,3,1565.36,6
Duke,3,1564.59,7
Mississippi St,3,1560.47,8
Minnesota,3,1557.93,9
Stanford,3,1555.99,10
Notre Dame,3,1555.39,11
Clemson,3,1552.98,12
Wisconsin,3,1552.69,13
Iowa,3,1550.94,14
Washington St,3,1550.69,15
Boston College,3,1548.69,16
Indiana,3,1548.63,17
North Texas,3,1548.52,18
Central Florida,3,1548.06,19
South Florida,3,1545.68,20
Oregon,3,1545.34,21
Fresno St,3,1542.34,22
Kentucky,3,1541.73,23
Missouri,3,1540.8,24
Syracuse,3,1537.66,25
Michigan,3,1537.53,26
LSU,3,1537.37,27
Colorado,3,1536.54,28
Boise St,3,1536.03,29
Buffalo,3,1535.94,30
North Carolina St,3,1535.51,31
Virginia Tech,3,1533.0,32
Memphis,3,1532.83,33
Texas,3,1531.78,34
Vanderbilt,3,1531.15,35
Cincinnati,3,1530.91,36
California,3,1527.54,37
West Virginia,3,1527.08,38
Texas A&M,3,1525.14,39
Auburn,3,1524.78,40
Washington,3,1524.14,41
Hawai`i,3,1523.73,42
Marshall,3,1523.71,43
Houston,3,1521.56,44
Arizona St,3,1520.81,45
Appalachian St,3,1520.26,46
Florida Int'l,3,1520.05,47
TCU,3,1520.0,48
Louisiana Tech,3,1519.53,49
Kansas,3,1519.32,50
Miami FL,3,1518.11,51
Utah St,3,1513.91,52
Michigan St,3,1513.4,53
Akron,3,1511.87,54
Florida,3,1509.89,55
Virginia,3,1508.31,56
Brigham Young,3,1506.87,57
Wake Forest,3,1506.01,58
South Carolina,3,1505.51,59
Texas Tech,3,1505.38,60
Army,3,1505.36,61
San Diego St,3,1505.01,62
Kansas St,3,1504.25,63
Florida Atlantic,3,1503.9,64
Utah,3,1503.58,65
Maryland,3,1502.4,66
Temple,3,1500.86,67
Troy,3,1500.61,68
Mississippi,3,1499.66,69
UNLV,3,1499.62,70
Arkansas St,3,1498.27,71
Southern Miss,3,1497.02,72
Coastal Carolina,3,1496.84,73
Baylor,3,1494.56,74
Eastern Michigan,3,1493.41,75
Alabama-Birmingham,3,1493.34,76
Louisville,3,1492.87,77
Tennessee,3,1492.43,78
Illinois,3,1492.02,79
East Carolina,3,1491.89,80
Navy,3,1490.65,81
Pittsburgh,3,1490.61,82
New Mexico,3,1490.54,83
Georgia Southern,3,1488.84,84
Northwestern,3,1488.62,85
Ohio U.,3,1488.52,86
Southern Cal,3,1488.08,87
Toledo,3,1486.52,88
Air Force,3,1484.53,89
Nevada,3,1481.99,90
Wyoming,3,1479.57,91
Purdue,3,1479.24,92
Northern Illinois,3,1475.43,93
Iowa St,3,1474.96,94
South Alabama,3,1472.69,95
Georgia Tech,3,1472.48,96
Louisiana-Monroe,3,1471.35,97
Tulane,3,1470.97,98
Louisiana-Lafayette,3,1470.6,99
Arizona,3,1469.35,100
UNC-Charlotte,3,1469.22,101
Nebraska,3,1466.73,103
Florida St,3,1462.24,104
Tulsa,3,1461.36,105
Rutgers,3,1461.22,106
Middle Tennessee St,3,1458.12,107
Western Michigan,3,1458.0,108
Arkansas,3,1455.64,109
Oregon St,3,1455.14,110
Ball St,3,1452.56,111
North Carolina,3,1452.49,112
Kent St,3,1450.6,113
Georgia St,3,1449.27,114
Colorado St,3,1448.04,115
Rice,3,1447.94,116
Texas St-San Marcos,3,1446.49,117
Western Kentucky,3,1444.93,118
Connecticut,3,1443.73,119
Miami OH,3,1443.32,120
Bowling Green,3,1441.99,121
Central Michigan,3,1438.91,122
UCLA,3,1438.55,123
SMU,3,1432.04,124
Texas-San Antonio,3,1429.75,125
Massachusetts,3,1427.42,126
San José St,3,1423.75,127
Old Dominion,3,1406.69,128
New Mexico St,3,1405.08,129
UTEP,3,1402.37,130
Alabama,4,1615.94,1
Ohio State,4,1605.88,2
Penn State,4,1602.53,3
Oklahoma,4,1592.39,4
Georgia,4,1587.72,5
Notre Dame,4,1577.8,6
Clemson,4,1573.22,7
Wisconsin,4,1571.24,8
Stanford,4,1571.18,9
Central Florida,4,1567.62,10
Duke,4,1567.59,11
Kentucky,4,1566.37,12
Michigan,4,1559.88,13
South Florida,4,1558.57,14
LSU,4,1557.77,15
Buffalo,4,1556.75,16
North Carolina St,4,1556.57,17
Syracuse,4,1555.84,18
North Texas,4,1553.44,19
Texas,4,1551.76,20
West Virginia,4,1550.67,21
Memphis,4,1550.31,22
Auburn,4,1545.03,23
Fresno St,4,1542.34,24
Cincinnati,4,1541.32,25
Washington,4,1539.56,26
Miami FL,4,1538.55,27
Washington St,4,1538.08,28
Oklahoma St,4,1537.84,29
Colorado,4,1536.54,30
Boise St,4,1536.03,31
Mississippi St,4,1535.83,32
Michigan St,4,1535.41,33
Florida,4,1533.56,34
Texas Tech,4,1532.9,35
Maryland,4,1532.72,36
Iowa,4,1532.38,37
Virginia,4,1531.22,38
South Carolina,4,1530.81,39
Utah St,4,1530.16,40
Oregon,4,1530.15,41
Minnesota,4,1527.61,42
California,4,1527.54,43
Hawai`i,4,1526.85,44
Indiana,4,1526.62,45
Houston,4,1525.69,46
Appalachian St,4,1524.57,47
Boston College,4,1521.89,48
Missouri,4,1521.89,49
Mississippi,4,1519.16,50
Baylor,4,1518.91,51
Temple,4,1518.55,52
Troy,4,1515.91,53
Southern Miss,4,1515.59,54
San Diego St,4,1515.01,55
Arkansas St,4,1513.93,56
Brigham Young,4,1510.57,57
Toledo,4,1508.65,58
Texas A&M,4,1507.08,59
Purdue,4,1506.04,60
Vanderbilt,4,1505.85,61
Arizona St,4,1505.39,62
Coastal Carolina,4,1504.55,63
Virginia Tech,4,1503.95,64
Utah,4,1503.58,65
Marshall,4,1502.66,66
Southern Cal,4,1500.69,67
TCU,4,1500.02,68
Florida Int'l,4,1499.61,69
Louisiana Tech,4,1499.13,70
Iowa St,4,1497.22,71
Kansas,4,1494.98,72
Army,4,1493.49,73
Alabama-Birmingham,4,1493.34,74
Arizona,4,1491.73,75
New Mexico,4,1490.54,76
Akron,4,1489.61,77
Georgia Southern,4,1488.84,78
Northwestern,4,1488.62,79
Florida St,4,1485.3,80
Navy,4,1484.42,81
Florida Atlantic,4,1484.34,82
UNLV,4,1483.95,83
Wake Forest,4,1483.6,84
Eastern Michigan,4,1483.41,85
Kansas St,4,1480.66,86
Western Michigan,4,1479.99,87
Wyoming,4,1479.57,88
East Carolina,4,1479.01,89
Pittsburgh,4,1478.88,90
Ohio U.,4,1478.12,91
Illinois,4,1470.41,92
Louisville,4,1469.96,93
Tennessee,4,1468.77,94
Air Force,4,1468.28,95
North Carolina,4,1464.23,96
Miami OH,4,1464.04,97
Louisiana-Lafayette,4,1462.89,98
Western Kentucky,4,1461.71,99
Nevada,4,1459.86,100
Middle Tennessee St,4,1458.12,101
Louisiana-Monroe,4,1456.05,102
South Alabama,4,1455.2,103
Tulane,4,1452.74,104
Massachusetts,4,1452.62,105
Northern Illinois,4,1452.37,106
Georgia Tech,4,1452.23,107
Nebraska,4,1444.38,108
UNC-Charlotte,4,1444.01,109
Tulsa,4,1443.66,110
Central Michigan,4,1443.06,111
Texas-San Antonio,4,1442.5,112
Rutgers,4,1440.41,113
UCLA,4,1438.55,114
SMU,4,1438.27,115
Ball St,4,1435.78,116
Old Dominion,4,1435.74,117
Arkansas,4,1435.39,118
Texas St-San Marcos,4,1433.74,119
Oregon St,4,1432.76,120
Kent St,4,1431.1,121
Rice,4,1429.37,122
Georgia St,4,1427.28,123
Connecticut,4,1425.55,124
San José St,4,1423.75,125
Bowling Green,4,1421.26,126
New Mexico St,4,1420.57,127
Colorado St,4,1415.71,129
UTEP,4,1386.88,130
Alabama,5,1631.4,1
Oklahoma,5,1612.65,2
Ohio State,5,1611.04,3
Georgia,5,1603.44,4
Notre Dame,5,1600.48,5
Penn State,5,1597.37,6
Central Florida,5,1586.36,7
Clemson,5,1584.6,8
Kentucky,5,1584.32,9
LSU,5,1580.06,10
North Carolina St,5,1575.18,11
Wisconsin,5,1571.24,12
Michigan,5,1568.45,13
West Virginia,5,1566.43,14
Fresno St,5,1563.26,15
Texas,5,1562.85,16
Washington,5,1562.41,17
Auburn,5,1561.87,18
Cincinnati,5,1561.52,19
Miami FL,5,1559.38,20
South Florida,5,1558.57,21
Oklahoma St,5,1558.27,22
Boise St,5,1555.69,23
Colorado,5,1552.87,24
Oregon,5,1552.09,25
Florida,5,1549.24,26
Washington St,5,1548.79,27
Michigan St,5,1548.65,28
Stanford,5,1548.51,29
Appalachian St,5,1546.93,30
Syracuse,5,1544.46,31
North Texas,5,1544.15,32
Duke,5,1542.71,33
Boston College,5,1539.68,34
Troy,5,1539.14,35
Indiana,5,1538.9,36
Hawai`i,5,1534.62,37
Maryland,5,1532.72,38
Iowa,5,1532.38,39
Utah St,5,1530.16,40
Virginia Tech,5,1528.83,41
Minnesota,5,1527.61,42
Buffalo,5,1527.49,43
Houston,5,1525.69,44
Arizona St,5,1524.8,45
Purdue,5,1523.27,46
Army,5,1522.75,47
Memphis,5,1521.99,48
Missouri,5,1521.89,49
Mississippi St,5,1520.15,50
Texas A&M,5,1519.11,51
Texas Tech,5,1517.14,52
San Diego St,5,1515.01,53
South Carolina,5,1512.86,54
Alabama-Birmingham,5,1512.81,55
Virginia,5,1512.6,56
Southern Cal,5,1512.5,57
Marshall,5,1512.01,58
TCU,5,1510.32,59
Louisiana Tech,5,1508.42,60
Vanderbilt,5,1507.65,61
Georgia Southern,5,1505.75,62
California,5,1505.6,63
Wake Forest,5,1505.23,64
Florida Int'l,5,1504.06,65
Temple,5,1500.77,66
Southern Miss,5,1498.75,67
Baylor,5,1498.65,68
Ohio U.,5,1497.58,69
Arkansas St,5,1497.02,70
Florida St,5,1496.92,71
Mississippi,5,1496.86,72
Utah,5,1492.87,73
Akron,5,1489.61,74
Toledo,5,1487.73,75
Brigham Young,5,1487.72,76
Iowa St,5,1486.92,77
East Carolina,5,1486.09,78
Western Michigan,5,1484.98,79
Navy,5,1484.42,80
UNLV,5,1483.95,81
Coastal Carolina,5,1481.31,82
Tulane,5,1481.06,83
Northwestern,5,1480.05,84
Arizona,5,1479.93,85
Florida Atlantic,5,1478.68,86
Georgia Tech,5,1478.18,87
Kansas,5,1474.55,88
Eastern Michigan,5,1472.24,89
Nevada,5,1470.47,90
Illinois,5,1470.41,91
Kansas St,5,1469.57,92
New Mexico,5,1464.01,93
Middle Tennessee St,5,1463.77,94
Northern Illinois,5,1463.53,95
Ball St,5,1460.64,96
Pittsburgh,5,1460.14,97
Wyoming,5,1459.91,98
Miami OH,5,1459.05,99
Louisville,5,1458.34,100
Air Force,5,1457.67,101
Texas-San Antonio,5,1456.67,102
Georgia St,5,1456.05,103
Tennessee,5,1453.04,104
Western Kentucky,5,1452.36,105
Louisiana-Lafayette,5,1447.44,106
SMU,5,1444.13,107
Tulsa,5,1443.66,108
North Carolina,5,1443.4,109
Texas St-San Marcos,5,1433.74,110
Massachusetts,5,1433.16,111
South Alabama,5,1432.85,112
Central Michigan,5,1429.82,113
Old Dominion,5,1428.66,114
Rutgers,5,1428.12,115
Louisiana-Monroe,5,1427.28,116
Nebraska,5,1427.15,117
UNC-Charlotte,5,1424.53,118
Arkansas,5,1423.36,119
UCLA,5,1422.22,120
New Mexico St,5,1420.57,122
San José St,5,1415.99,123
Colorado St,5,1415.71,124
Oregon St,5,1413.35,125
Rice,5,1407.74,126
Kent St,5,1406.24,127
Connecticut,5,1405.34,128
Bowling Green,5,1395.32,129
UTEP,5,1372.71,130
Alabama,6,1645.06,1
Ohio State,6,1629.39,2
Georgia,6,1621.13,3
Notre Dame,6,1619.84,4
Clemson,6,1609.4,5
Central Florida,6,1600.87,6
Oklahoma,6,1600.5,7
Penn State,6,1597.37,8
Michigan,6,1588.93,9
North Carolina St,6,1587.06,10
Wisconsin,6,1583.6,11
West Virginia,6,1581.56,12
Fresno St,6,1580.3,13
Cincinnati,6,1577.36,14
Texas,6,1575.0,15
South Florida,6,1573.3,16
Washington,6,1572.69,17
Florida,6,1567.43,18
Colorado,6,1567.03,19
Kentucky,6,1566.49,20
Washington St,6,1563.85,21
Miami FL,6,1563.53,22
LSU,6,1561.87,23
Troy,6,1555.12,24
Iowa,6,1553.8,25
Oregon,6,1552.09,26
Utah St,6,1552.05,27
North Texas,6,1550.27,28
Appalachian St,6,1546.93,29
Hawai`i,6,1543.82,30
Mississippi St,6,1543.32,31
Duke,6,1542.71,32
Oklahoma St,6,1541.27,33
Buffalo,6,1541.15,34
Houston,6,1541.09,35
Memphis,6,1540.0,36
Boise St,6,1539.69,37
Auburn,6,1538.69,38
Texas A&M,6,1536.94,39
Alabama-Birmingham,6,1535.75,40
San Diego St,6,1531.01,41
Michigan St,6,1527.81,42
Boston College,6,1527.8,43
Temple,6,1527.77,44
Georgia Southern,6,1526.39,45
Syracuse,6,1524.38,46
Purdue,6,1523.27,47
Stanford,6,1523.12,48
Army,6,1522.75,49
South Carolina,6,1521.35,50
Indiana,6,1520.55,51
Mississippi,6,1519.68,52
Utah,6,1518.27,53
Texas Tech,6,1517.14,54
Missouri,6,1513.4,55
Virginia,6,1512.6,56
Southern Cal,6,1512.5,57
Maryland,6,1512.24,58
Arizona St,6,1510.64,59
TCU,6,1510.32,60
Virginia Tech,6,1509.47,61
Baylor,6,1508.05,62
Minnesota,6,1506.19,63
Florida Int'l,6,1504.06,64
Iowa St,6,1503.92,65
Georgia Tech,6,1503.75,66
Toledo,6,1502.82,67
Ohio U.,6,1501.61,68
Northwestern,6,1500.89,69
Southern Miss,6,1498.75,70
Florida Atlantic,6,1497.51,71
Arkansas St,6,1497.02,72
Arizona,6,1496.87,73
Western Michigan,6,1494.94,74
Florida St,6,1492.76,75
New Mexico,6,1492.39,76
Marshall,6,1491.98,77
Illinois,6,1491.19,78
Vanderbilt,6,1489.96,79
California,6,1488.66,80
Louisiana Tech,6,1485.49,81
Air Force,6,1485.2,82
Miami OH,6,1484.95,83
Middle Tennessee St,6,1483.8,84
Coastal Carolina,6,1481.31,85
Wake Forest,6,1480.43,86
Pittsburgh,6,1480.22,87
Northern Illinois,6,1479.9,88
Texas-San Antonio,6,1475.74,89
Louisiana-Lafayette,6,1467.54,90
Brigham Young,6,1465.83,91
Tulane,6,1465.23,92
Akron,6,1463.71,93
Eastern Michigan,6,1462.28,94
Kansas St,6,1460.17,95
Kansas,6,1459.43,96
East Carolina,6,1459.08,97
Navy,6,1456.89,98
UNLV,6,1455.58,99
Nevada,6,1453.43,100
Tennessee,6,1453.04,101
Western Kentucky,6,1452.36,102
Wyoming,6,1450.71,103
Ball St,6,1444.28,104
North Carolina,6,1443.4,105
Georgia St,6,1440.06,106
Colorado St,6,1434.96,107
Louisville,6,1432.77,108
SMU,6,1429.61,109
Tulsa,6,1428.26,110
UNC-Charlotte,6,1424.53,111
New Mexico St,6,1424.5,112
Massachusetts,6,1418.42,113
Central Michigan,6,1416.15,114
Nebraska,6,1414.79,115
Texas St-San Marcos,6,1413.64,116
South Alabama,6,1412.22,117
UCLA,6,1411.94,118
Old Dominion,6,1409.83,119
Arkansas,6,1409.7,120
Rutgers,6,1407.35,121
Louisiana-Monroe,6,1404.46,122
Kent St,6,1402.21,123
Oregon St,6,1398.3,124
San José St,6,1396.74,125
Rice,6,1388.67,126
Connecticut,6,1387.34,127
Bowling Green,6,1380.22,128
UTEP,6,1366.59,130
Alabama,7,1660.42,1
Ohio State,7,1642.66,2
Notre Dame,7,1627.66,3
Michigan,7,1612.93,4
Clemson,7,1609.4,5
Central Florida,7,1605.29,6
Oklahoma,7,1600.5,7
Fresno St,7,1594.97,8
Georgia,7,1593.7,9
LSU,7,1589.3,10
North Carolina St,7,1587.06,11
Texas,7,1586.47,12
Penn State,7,1583.36,13
Florida,7,1581.98,14
Cincinnati,7,1577.36,15
South Florida,7,1576.67,16
Iowa,7,1576.51,17
Utah St,7,1570.21,18
North Texas,7,1570.14,19
Appalachian St,7,1568.61,20
Kentucky,7,1566.49,21
Washington St,7,1563.85,22
Oregon,7,1563.21,23
Washington,7,1561.57,24
Duke,7,1561.08,25
Houston,7,1559.86,26
Wisconsin,7,1559.6,27
Buffalo,7,1557.81,28
West Virginia,7,1554.69,29
Alabama-Birmingham,7,1553.89,30
Miami FL,7,1551.34,31
Boise St,7,1549.2,32
Purdue,7,1548.76,33
Texas A&M,7,1546.94,34
Colorado,7,1544.94,35
Mississippi St,7,1543.32,36
Boston College,7,1543.32,37
Army,7,1543.05,38
Utah,7,1542.64,39
Michigan St,7,1541.82,40
San Diego St,7,1541.28,41
Temple,7,1540.64,42
Memphis,7,1535.58,43
Southern Cal,7,1534.58,44
Georgia Southern,7,1532.35,45
Iowa St,7,1530.79,46
Maryland,7,1529.11,47
Mississippi,7,1528.49,48
Texas Tech,7,1527.36,49
Virginia,7,1524.79,50
Syracuse,7,1524.38,51
Stanford,7,1523.12,52
Auburn,7,1521.25,53
Troy,7,1520.82,54
Virginia Tech,7,1518.17,55
Florida Int'l,7,1513.76,56
Oklahoma St,7,1512.6,57
Hawai`i,7,1512.53,58
South Carolina,7,1511.35,59
Marshall,7,1510.74,60
Arizona St,7,1510.64,61
Louisiana Tech,7,1510.14,62
Northwestern,7,1508.47,63
Western Michigan,7,1506.15,64
Miami OH,7,1502.99,65
TCU,7,1500.1,66
Missouri,7,1498.04,67
Indiana,7,1497.84,68
Florida Atlantic,7,1497.51,69
Brigham Young,7,1497.11,70
Baylor,7,1496.58,71
Toledo,7,1493.45,72
Minnesota,7,1492.91,73
Florida St,7,1492.76,74
Northern Illinois,7,1491.05,75
Ohio U.,7,1490.46,76
Louisiana-Lafayette,7,1489.25,77
Kansas St,7,1488.85,78
Georgia Tech,7,1485.38,79
New Mexico,7,1482.54,80
Wake Forest,7,1480.43,81
Southern Miss,7,1478.89,82
Vanderbilt,7,1475.4,83
Arkansas St,7,1475.33,84
Air Force,7,1474.93,85
Middle Tennessee St,7,1474.1,86
Arizona,7,1472.5,87
Pittsburgh,7,1472.4,88
Eastern Michigan,7,1471.65,89
Tennessee,7,1470.49,90
Illinois,7,1465.69,91
Tulane,7,1465.23,92
Kansas,7,1459.43,93
California,7,1458.36,94
Coastal Carolina,7,1452.56,95
UNC-Charlotte,7,1451.57,96
Texas-San Antonio,7,1451.08,97
Ball St,7,1449.12,98
Akron,7,1447.05,99
Colorado St,7,1444.8,100
Navy,7,1444.02,101
Nevada,7,1443.93,102
UCLA,7,1442.23,103
East Carolina,7,1440.32,104
Georgia St,7,1440.06,105
UNLV,7,1437.42,106
Wyoming,7,1436.04,107
North Carolina,7,1434.69,108
Louisiana-Monroe,7,1433.21,109
SMU,7,1429.61,110
Western Kentucky,7,1425.32,111
Tulsa,7,1424.9,112
South Alabama,7,1419.06,113
Massachusetts,7,1418.42,114
Louisville,7,1417.25,115
Central Michigan,7,1411.31,116
Texas St-San Marcos,7,1407.68,117
Nebraska,7,1407.21,118
New Mexico St,7,1402.78,119
Arkansas,7,1400.89,120
Oregon St,7,1398.3,121
Old Dominion,7,1391.08,122
Rutgers,7,1390.48,123
Connecticut,7,1387.34,124
Kent St,7,1384.17,125
San José St,7,1376.43,126
Rice,7,1370.52,127
Bowling Green,7,1369.01,128
UTEP,7,1366.59,129
Alabama,8,1675.41,1
Clemson,8,1634.1,2
Michigan,8,1629.68,3
Notre Dame,8,1627.66,4
Central Florida,8,1620.37,5
Oklahoma,8,1618.9,6
Fresno St,8,1613.79,7
Ohio State,8,1608.99,8
LSU,8,1607.38,9
Iowa,8,1596.68,10
Penn State,8,1593.97,11
Georgia,8,1593.7,12
Texas,8,1586.47,13
South Florida,8,1584.31,14
Washington St,8,1584.11,15
Purdue,8,1582.44,16
Appalachian St,8,1582.07,17
Florida,8,1581.98,18
Utah St,8,1581.3,19
Washington,8,1580.77,20
Kentucky,8,1577.63,21
Wisconsin,8,1577.61,22
Buffalo,8,1574.9,23
Houston,8,1574.03,24
Alabama-Birmingham,8,1571.27,25
Boise St,8,1566.28,26
North Carolina St,8,1562.36,27
Utah,8,1561.9,28
Cincinnati,8,1559.83,29
Temple,8,1558.17,30
West Virginia,8,1554.69,31
North Texas,8,1552.76,32
Miami FL,8,1551.34,33
Texas Tech,8,1547.89,34
Army,8,1547.57,35
Georgia Southern,8,1547.17,36
Texas A&M,8,1546.94,37
Virginia,8,1546.85,38
San Diego St,8,1546.68,39
Boston College,8,1543.32,40
Oregon,8,1542.94,41
Auburn,8,1542.41,42
Duke,8,1539.02,43
Stanford,8,1538.24,44
Marshall,8,1533.83,45
Syracuse,8,1531.85,46
Iowa St,8,1530.79,47
Missouri,8,1527.59,48
Florida Int'l,8,1526.62,49
Colorado,8,1525.75,50
Mississippi St,8,1525.25,51
Michigan St,8,1525.07,52
Western Michigan,8,1524.89,53
Troy,8,1520.82,54
Louisiana Tech,8,1519.05,55
Virginia Tech,8,1518.17,56
Northwestern,8,1515.86,57
Southern Cal,8,1515.32,58
Florida St,8,1515.0,59
Oklahoma St,8,1512.6,60
Hawai`i,8,1512.53,61
South Carolina,8,1511.35,62
Maryland,8,1508.94,63
Ohio U.,8,1507.37,64
Mississippi,8,1507.34,65
Memphis,8,1506.03,66
Miami OH,8,1498.47,67
Brigham Young,8,1497.11,68
Baylor,8,1496.58,69
Arizona St,8,1495.52,70
Southern Miss,8,1495.23,71
Arkansas St,8,1494.13,72
Eastern Michigan,8,1493.87,73
Northern Illinois,8,1491.05,74
Middle Tennessee St,8,1489.35,75
Kansas St,8,1488.85,76
Air Force,8,1488.18,77
Indiana,8,1487.24,78
Georgia Tech,8,1485.38,79
California,8,1482.4,80
TCU,8,1481.69,81
Toledo,8,1476.36,82
Louisiana-Lafayette,8,1475.79,83
Florida Atlantic,8,1474.43,84
Pittsburgh,8,1472.4,85
Coastal Carolina,8,1469.64,86
Arizona,8,1466.77,87
Vanderbilt,8,1464.27,88
New Mexico,8,1463.71,89
Minnesota,8,1461.34,90
Wake Forest,8,1458.19,91
Tennessee,8,1455.5,92
Tulane,8,1452.14,93
Akron,8,1451.45,94
UCLA,8,1447.96,95
Illinois,8,1447.69,96
Louisiana-Monroe,8,1446.58,97
Nevada,8,1443.93,98
SMU,8,1442.71,99
Kansas,8,1438.9,100
Nebraska,8,1438.79,101
UNC-Charlotte,8,1436.31,102
Texas-San Antonio,8,1434.74,103
Navy,8,1429.84,104
Colorado St,8,1427.73,105
North Carolina,8,1427.23,106
Ball St,8,1426.9,107
Arkansas,8,1426.65,108
East Carolina,8,1425.25,109
Wyoming,8,1424.95,110
UNLV,8,1424.17,111
Georgia St,8,1421.26,112
South Alabama,8,1419.06,113
Louisville,8,1417.25,114
Western Kentucky,8,1414.08,115
Old Dominion,8,1402.32,116
Massachusetts,8,1401.34,117
Tulsa,8,1399.14,118
Texas St-San Marcos,8,1394.31,119
Central Michigan,8,1392.58,120
New Mexico St,8,1387.96,121
Rutgers,8,1383.09,122
Kent St,8,1379.77,123
Connecticut,8,1379.7,124
Oregon St,8,1374.26,125
San José St,8,1371.03,126
UTEP,8,1357.67,128
Rice,8,1357.66,129
Bowling Green,8,1352.1,130
Alabama,9,1675.25,1
Clemson,9,1654.85,2
Notre Dame,9,1638.11,3
Oklahoma,9,1635.44,4
Michigan,9,1629.61,5
Central Florida,9,1620.34,6
Georgia,9,1615.44,7
Fresno St,9,1613.5,8
Ohio State,9,1608.87,9
Penn State,9,1608.66,10
LSU,9,1607.34,11
Utah St,9,1598.98,12
Houston,9,1598.01,13
Washington St,9,1593.32,14
Alabama-Birmingham,9,1582.44,15
Kentucky,9,1582.14,16
Iowa,9,1581.88,17
Boise St,9,1580.7,18
Utah,9,1580.55,19
West Virginia,9,1577.89,20
Buffalo,9,1574.79,21
Texas,9,1573.36,22
Georgia Southern,9,1572.4,23
Cincinnati,9,1570.22,24
Washington,9,1569.7,25
Army,9,1565.6,26
Boston College,9,1563.62,27
North Texas,9,1563.61,28
Purdue,9,1560.91,29
South Florida,9,1560.31,30
Florida,9,1560.03,31
Virginia,9,1558.25,32
Temple,9,1558.17,33
Appalachian St,9,1556.11,34
Wisconsin,9,1553.01,35
Syracuse,9,1551.63,36
Iowa St,9,1549.04,37
Mississippi St,9,1547.49,38
Michigan St,9,1546.53,39
Florida Int'l,9,1543.39,40
North Carolina St,9,1542.41,41
Auburn,9,1542.34,42
Northwestern,9,1540.42,43
Troy,9,1537.68,44
Marshall,9,1533.81,45
Louisiana Tech,9,1533.64,46
San Diego St,9,1531.31,47
Miami FL,9,1531.01,48
Texas Tech,9,1529.62,49
Maryland,9,1529.52,50
Stanford,9,1529.0,51
Ohio U.,9,1527.82,52
Oklahoma St,9,1525.54,53
Texas A&M,9,1524.53,54
Missouri,9,1521.91,55
South Carolina,9,1519.73,56
Duke,9,1517.83,57
Oregon,9,1510.8,58
Georgia Tech,9,1510.37,59
Middle Tennessee St,9,1510.29,60
Mississippi,9,1507.19,61
Arizona St,9,1506.4,62
Memphis,9,1505.76,63
Colorado,9,1505.08,64
Southern Cal,9,1504.35,65
Toledo,9,1502.67,66
Arizona,9,1498.87,67
Miami OH,9,1498.37,68
Northern Illinois,9,1496.28,69
Western Michigan,9,1496.28,70
Florida St,9,1494.13,71
Pittsburgh,9,1493.58,72
California,9,1493.33,73
Virginia Tech,9,1493.18,74
Brigham Young,9,1491.76,75
Louisiana-Lafayette,9,1488.02,76
Nevada,9,1483.68,77
Southern Miss,9,1482.73,78
Vanderbilt,9,1482.59,79
Arkansas St,9,1480.99,80
Wake Forest,9,1479.03,81
Coastal Carolina,9,1477.87,82
Minnesota,9,1477.37,83
TCU,9,1475.73,84
Eastern Michigan,9,1475.72,85
Air Force,9,1473.57,86
Baylor,9,1473.37,87
Kansas St,9,1472.29,88
Indiana,9,1470.21,89
Hawai`i,9,1469.78,90
Tulane,9,1465.67,91
Akron,9,1464.06,92
Florida Atlantic,9,1459.74,93
UNC-Charlotte,9,1448.75,94
Tennessee,9,1446.83,95
Louisiana-Monroe,9,1445.59,96
Kansas,9,1444.84,97
Nebraska,9,1444.52,98
New Mexico,9,1444.46,99
Wyoming,9,1443.53,100
Texas-San Antonio,9,1434.72,101
SMU,9,1432.28,102
UCLA,9,1428.1,103
Illinois,9,1426.98,104
East Carolina,9,1425.24,105
Navy,9,1419.37,106
North Carolina,9,1415.82,107
Massachusetts,9,1414.0,108
Georgia St,9,1410.84,109
Texas St-San Marcos,9,1409.35,110
Arkansas,9,1408.17,111
Colorado St,9,1407.7,112
Ball St,9,1406.35,113
South Alabama,9,1400.99,114
UNLV,9,1400.03,115
Western Kentucky,9,1397.21,116
Louisville,9,1396.39,117
Oregon St,9,1394.82,118
San José St,9,1394.26,119
Tulsa,9,1385.56,120
Rutgers,9,1383.06,121
Old Dominion,9,1381.36,122
Central Michigan,9,1379.85,123
Kent St,9,1379.71,124
New Mexico St,9,1372.03,125
Connecticut,9,1366.83,126
Bowling Green,9,1351.97,127
Rice,9,1346.76,128
UTEP,9,1346.3,129
Alabama,10,1696.49,1
Clemson,10,1665.06,2
Michigan,10,1654.63,3
Notre Dame,10,1651.78,4
Oklahoma,10,1645.38,5
Central Florida,10,1635.74,6
Georgia,10,1635.35,7
Fresno St,10,1627.9,8
Utah St,10,1617.92,9
Ohio State,10,1615.86,10
Washington St,10,1603.37,11
Alabama-Birmingham,10,1598.9,12
Boise St,10,1590.38,13
Buffalo,10,1587.86,14
LSU,10,1586.1,15
Cincinnati,10,1585.83,16
Penn State,10,1583.64,17
West Virginia,10,1583.03,18
Washington,10,1580.17,19
Boston College,10,1578.49,20
Mississippi St,10,1574.41,21
Appalachian St,10,1573.26,22
Iowa,10,1573.06,23
Army,10,1572.99,24
Purdue,10,1569.73,25
Syracuse,10,1569.43,26
Michigan St,10,1568.75,27
Texas,10,1568.22,28
Iowa St,10,1567.0,29
Houston,10,1566.29,30
North Texas,10,1563.61,31
Wisconsin,10,1563.32,32
Kentucky,10,1562.23,33
North Carolina St,10,1561.36,34
Ohio U.,10,1554.32,35
Auburn,10,1553.7,36
Utah,10,1552.9,37
Troy,10,1552.77,38
Missouri,10,1547.19,39
San Diego St,10,1544.26,40
Temple,10,1542.77,41
Georgia Southern,10,1540.22,42
Virginia,10,1537.56,43
Duke,10,1534.83,44
Florida,10,1534.75,45
Arizona St,10,1534.06,46
South Carolina,10,1531.43,47
South Florida,10,1530.31,48
Oregon,10,1527.93,49
Northwestern,10,1526.76,50
Middle Tennessee St,10,1524.94,51
Georgia Tech,10,1524.17,52
Marshall,10,1524.15,53
Memphis,10,1523.46,54
Toledo,10,1521.0,55
Southern Cal,10,1520.2,56
Texas Tech,10,1519.67,57
Stanford,10,1518.53,58
Arizona,10,1515.69,59
Pittsburgh,10,1514.26,60
Miami FL,10,1514.01,61
Texas A&M,10,1513.17,62
Northern Illinois,10,1512.85,63
Florida Int'l,10,1511.39,64
Oklahoma St,10,1511.33,65
Maryland,10,1507.3,66
Louisiana Tech,10,1506.73,67
Arkansas St,10,1499.02,68
Tulane,10,1495.67,69
Mississippi,10,1495.49,70
Southern Miss,10,1492.39,71
Florida Atlantic,10,1491.75,72
Eastern Michigan,10,1488.32,73
Colorado,10,1488.26,74
Baylor,10,1487.58,75
Miami OH,10,1485.3,76
Nevada,10,1483.68,77
California,10,1483.28,78
Vanderbilt,10,1482.59,79
Brigham Young,10,1482.08,80
TCU,10,1480.87,81
Virginia Tech,10,1478.31,82
Louisiana-Monroe,10,1477.77,83
Florida St,10,1475.18,84
Louisiana-Lafayette,10,1472.93,85
Indiana,10,1470.21,86
Western Michigan,10,1469.78,87
Kansas St,10,1467.15,88
Air Force,10,1466.18,89
Tennessee,10,1465.59,90
SMU,10,1464.0,91
Wake Forest,10,1461.23,92
Wyoming,10,1461.0,93
Coastal Carolina,10,1460.71,94
Illinois,10,1455.24,95
Hawai`i,10,1450.84,96
Minnesota,10,1449.1,97
Akron,10,1447.5,98
Nebraska,10,1437.53,99
New Mexico,10,1431.5,100
UNC-Charlotte,10,1430.0,101
Kansas,10,1426.88,102
Texas St-San Marcos,10,1426.68,103
Texas-San Antonio,10,1418.26,104
Massachusetts,10,1416.56,105
UCLA,10,1410.98,106
Tulsa,10,1409.72,107
Arkansas,10,1408.17,108
Colorado St,10,1407.7,109
East Carolina,10,1407.54,110
Navy,10,1403.76,111
North Carolina,10,1402.02,112
Kent St,10,1394.25,113
Georgia St,10,1393.51,114
Ball St,10,1388.02,115
Louisville,10,1386.18,116
UNLV,10,1385.63,117
South Alabama,10,1382.97,118
Western Kentucky,10,1382.56,119
Old Dominion,10,1381.36,120
Oregon St,10,1378.97,121
New Mexico St,10,1377.56,122
San José St,10,1376.78,123
Rutgers,10,1372.76,124
Central Michigan,10,1367.25,125
UTEP,10,1362.79,126
Connecticut,10,1342.67,127
Bowling Green,10,1337.43,128
Rice,10,1330.26,129
Alabama,11,1711.64,1
Clemson,11,1683.03,2
Michigan,11,1664.79,3
Notre Dame,11,1664.33,4
Georgia,11,1651.43,5
Oklahoma,11,1648.48,6
Central Florida,11,1642.76,7
Ohio State,11,1636.05,8
Utah St,11,1627.81,9
Washington St,11,1620.7,10
Fresno St,11,1610.32,11
Boise St,11,1607.95,12
Alabama-Birmingham,11,1605.87,13
West Virginia,11,1601.65,14
Cincinnati,11,1601.62,15
Penn State,11,1601.59,16
Buffalo,11,1599.97,17
LSU,11,1595.07,18
Appalachian St,11,1590.01,19
Iowa St,11,1582.2,20
Texas,11,1581.96,21
Syracuse,11,1581.83,22
Washington,11,1580.17,23
Army,11,1575.23,24
Troy,11,1572.46,25
Utah,11,1567.21,26
Temple,11,1561.77,27
Boston College,11,1560.52,28
Iowa,11,1559.67,29
Mississippi St,11,1559.26,30
Missouri,11,1557.84,31
Michigan St,11,1548.56,32
Houston,11,1547.3,33
North Texas,11,1546.82,34
Florida,11,1546.69,35
North Carolina St,11,1546.57,36
Wisconsin,11,1545.37,37
Duke,11,1544.18,38
Ohio U.,11,1544.14,39
Arizona St,11,1540.55,40
Virginia,11,1540.45,41
Northwestern,11,1540.15,42
Memphis,11,1539.54,43
Marshall,11,1539.44,44
Georgia Tech,11,1538.27,45
Middle Tennessee St,11,1537.88,46
Auburn,11,1537.62,47
Northern Illinois,11,1537.33,48
Pittsburgh,11,1536.99,49
Stanford,11,1533.65,50
Kentucky,11,1533.41,51
Purdue,11,1533.04,52
Florida Int'l,11,1532.57,53
Texas A&M,11,1532.29,54
San Diego St,11,1530.42,55
Arkansas St,11,1521.9,56
Georgia Southern,11,1520.53,57
South Carolina,11,1519.5,58
Louisiana Tech,11,1516.96,59
Arizona,11,1515.69,60
Southern Cal,11,1514.54,61
South Florida,11,1514.52,62
Oregon,11,1513.61,63
Oklahoma St,11,1508.23,64
Eastern Michigan,11,1508.11,65
Florida Atlantic,11,1506.64,66
Tulane,11,1506.22,67
Texas Tech,11,1505.94,68
Nevada,11,1504.66,69
Brigham Young,11,1500.92,70
Miami FL,11,1499.9,71
Maryland,11,1498.03,72
Louisiana-Monroe,11,1497.14,73
Toledo,11,1496.51,74
Miami OH,11,1495.47,75
Tennessee,11,1494.41,76
California,11,1488.94,77
Louisiana-Lafayette,11,1488.13,78
Minnesota,11,1485.78,79
Air Force,11,1485.75,80
Southern Miss,11,1485.42,81
Indiana,11,1479.48,82
Kansas St,11,1477.64,83
SMU,11,1477.52,84
Mississippi,11,1476.36,85
Wake Forest,11,1476.02,86
Baylor,11,1472.38,87
Vanderbilt,11,1471.93,88
Colorado,11,1470.93,89
Western Michigan,11,1469.78,90
Florida St,11,1462.63,91
TCU,11,1462.25,92
Nebraska,11,1461.33,93
Wyoming,11,1461.0,94
Virginia Tech,11,1455.58,95
Hawai`i,11,1450.84,96
Coastal Carolina,11,1437.83,97
Illinois,11,1431.44,98
Akron,11,1427.7,99
Kansas,11,1416.4,100
UNC-Charlotte,11,1414.71,101
New Mexico,11,1411.92,102
Texas St-San Marcos,11,1409.93,103
UCLA,11,1404.48,104
UNLV,11,1399.47,105
Arkansas,11,1399.2,106
Old Dominion,11,1398.15,107
Massachusetts,11,1397.72,108
Texas-San Antonio,11,1397.08,109
East Carolina,11,1396.99,110
Navy,11,1396.74,111
Tulsa,11,1393.65,112
North Carolina,11,1392.67,113
Ball St,11,1388.02,114
Colorado St,11,1386.71,115
Kent St,11,1382.14,116
Georgia St,11,1378.31,117
New Mexico St,11,1377.56,118
Louisville,11,1373.79,119
Western Kentucky,11,1367.67,120
San José St,11,1366.89,121
Oregon St,11,1363.85,122
South Alabama,11,1363.6,123
Rutgers,11,1362.6,124
Bowling Green,11,1357.39,125
UTEP,11,1349.85,126
Central Michigan,11,1347.29,127
Connecticut,11,1329.14,128
Rice,11,1320.03,129
Alabama,12,1711.9,1
Clemson,12,1697.77,2
Notre Dame,12,1685.32,3
Central Florida,12,1679.14,4
Michigan,12,1673.54,5
Oklahoma,12,1664.89,6
Georgia,12,1660.35,7
Ohio State,12,1639.5,8
Utah St,12,1633.64,9
Fresno St,12,1623.07,10
Boise St,12,1621.77,11
Washington St,12,1617.47,12
Washington,12,1611.42,13
Texas,12,1610.72,14
Penn State,12,1610.53,15
LSU,12,1601.59,16
Appalachian St,12,1600.34,17
Cincinnati,12,1595.93,18
Missouri,12,1592.23,19
Mississippi St,12,1592.22,20
Iowa,12,1588.06,21
Ohio U.,12,1587.72,22
Utah,12,1585.4,23
Buffalo,12,1582.33,24
Troy,12,1579.4,25
Memphis,12,1579.1,26
Army,12,1577.26,27
West Virginia,12,1577.13,28
Temple,12,1576.99,29
Alabama-Birmingham,12,1576.76,30
North Carolina St,12,1563.07,31
Iowa St,12,1561.87,32
Syracuse,12,1560.71,33
Texas A&M,12,1560.44,34
Pittsburgh,12,1556.66,35
North Texas,12,1555.78,36
Northwestern,12,1555.71,37
Wisconsin,12,1555.29,38
Boston College,12,1553.54,39
Marshall,12,1553.12,40
Kentucky,12,1552.08,41
Florida,12,1549.7,42
Georgia Tech,12,1548.72,43
Houston,12,1545.45,44
Florida Int'l,12,1543.64,45
Auburn,12,1540.32,46
Arkansas St,12,1540.31,47
Georgia Southern,12,1539.6,48
Oregon,12,1539.22,49
Michigan St,12,1535.07,50
Stanford,12,1533.63,51
Arizona St,12,1531.56,52
Duke,12,1529.27,53
Toledo,12,1527.6,54
Miami OH,12,1526.38,55
Oklahoma St,12,1524.13,56
Purdue,12,1522.95,57
South Carolina,12,1522.33,58
Miami FL,12,1521.32,59
Middle Tennessee St,12,1518.92,60
Eastern Michigan,12,1518.86,61
Brigham Young,12,1517.65,62
San Diego St,12,1517.31,63
Virginia,12,1516.16,64
Nevada,12,1516.11,65
Louisiana Tech,12,1510.99,66
Northern Illinois,12,1502.61,67
Kansas St,12,1500.35,68
Louisiana-Lafayette,12,1498.19,69
Florida Atlantic,12,1497.6,70
Arizona,12,1496.78,71
Maryland,12,1494.57,72
Southern Cal,12,1493.09,73
Southern Miss,12,1491.1,74
California,12,1488.94,75
Vanderbilt,12,1487.48,76
South Florida,12,1484.04,77
Tulane,12,1483.69,78
Texas Tech,12,1483.09,79
Western Michigan,12,1481.8,80
Air Force,12,1479.7,81
Wyoming,12,1478.82,82
TCU,12,1478.22,83
Louisiana-Monroe,12,1478.19,84
Tennessee,12,1471.87,85
Indiana,12,1470.68,86
Minnesota,12,1470.19,87
Florida St,12,1469.49,88
Nebraska,12,1467.83,89
Hawai`i,12,1463.8,90
SMU,12,1462.28,91
Baylor,12,1456.4,92
Wake Forest,12,1455.91,93
Colorado,12,1452.74,94
Virginia Tech,12,1447.86,95
Mississippi,12,1440.25,96
UCLA,12,1425.93,97
Navy,12,1413.04,98
Illinois,12,1410.0,99
Old Dominion,12,1406.52,100
Coastal Carolina,12,1405.71,101
UNC-Charlotte,12,1403.58,102
Texas St-San Marcos,12,1402.66,103
East Carolina,12,1402.39,104
Kansas,12,1400.11,105
North Carolina,12,1399.25,106
New Mexico,12,1396.1,107
Akron,12,1391.91,108
Western Kentucky,12,1390.38,109
Massachusetts,12,1388.3,110
UNLV,12,1386.26,111
Texas-San Antonio,12,1383.36,112
Ball St,12,1379.78,113
Tulsa,12,1377.25,114
Arkansas,12,1370.48,115
Colorado St,12,1368.58,116
Georgia St,12,1367.67,117
Bowling Green,12,1367.22,118
South Alabama,12,1365.01,119
New Mexico St,12,1360.43,120
Louisville,12,1357.13,121
San José St,12,1355.38,122
Kent St,12,1354.37,123
Rutgers,12,1353.62,124
Oregon St,12,1338.08,125
Central Michigan,12,1333.1,126
UTEP,12,1327.09,127
Rice,12,1311.97,128
Connecticut,12,1308.25,129
Alabama,13,1724.99,1
Clemson,13,1709.23,2
Notre Dame,13,1693.82,3
Central Florida,13,1679.14,4
Georgia,13,1676.18,5
Ohio State,13,1666.07,6
Oklahoma,13,1664.89,7
Michigan,13,1646.97,8
Boise St,13,1639.73,9
Fresno St,13,1630.01,10
Penn State,13,1627.84,11
Appalachian St,13,1617.69,12
Washington St,13,1617.47,13
Utah St,13,1615.68,14
Washington,13,1611.42,15
Texas,13,1610.72,16
Utah,13,1598.31,17
Cincinnati,13,1595.93,18
Missouri,13,1592.23,19
Mississippi St,13,1592.22,20
LSU,13,1592.2,21
Temple,13,1588.78,22
Iowa,13,1588.06,23
Ohio U.,13,1587.72,24
Syracuse,13,1583.49,25
Buffalo,13,1582.33,26
Memphis,13,1579.1,27
Army,13,1577.26,28
West Virginia,13,1577.13,29
North Carolina St,13,1571.91,30
Iowa St,13,1571.55,31
Texas A&M,13,1569.82,32
Florida,13,1569.76,33
Kentucky,13,1567.64,34
Northwestern,13,1565.04,35
Marshall,13,1563.28,36
Troy,13,1562.05,37
North Texas,13,1561.88,38
Arkansas St,13,1556.74,39
Georgia Southern,13,1553.23,40
Alabama-Birmingham,13,1547.88,41
Middle Tennessee St,13,1547.8,42
Miami FL,13,1547.27,43
Houston,13,1545.45,44
Stanford,13,1545.1,45
Michigan St,13,1540.88,46
Oregon,13,1539.22,47
Purdue,13,1536.54,48
Arizona St,13,1536.31,49
Florida Int'l,13,1533.48,50
Georgia Tech,13,1532.88,51
Boston College,13,1530.76,52
Pittsburgh,13,1530.71,53
Toledo,13,1527.6,54
Auburn,13,1527.23,55
Wisconsin,13,1527.21,56
Miami OH,13,1526.38,57
Eastern Michigan,13,1518.86,58
Virginia,13,1516.16,59
San Diego St,13,1511.46,60
South Carolina,13,1510.86,61
Vanderbilt,13,1510.66,62
Louisiana-Lafayette,13,1508.08,63
Southern Miss,13,1506.97,64
Oklahoma St,13,1506.11,65
California,13,1505.9,66
Brigham Young,13,1504.74,67
Northern Illinois,13,1502.61,68
Wyoming,13,1498.93,69
Minnesota,13,1498.27,70
Nevada,13,1496.73,71
TCU,13,1496.24,72
Duke,13,1494.46,73
Arizona,13,1492.03,74
Wake Forest,13,1490.72,75
Kansas St,13,1490.67,76
Tulane,13,1487.71,77
Florida Atlantic,13,1484.99,78
Louisiana Tech,13,1484.7,79
Southern Cal,13,1484.59,80
South Florida,13,1484.04,81
Western Michigan,13,1481.8,82
Air Force,13,1479.7,83
Maryland,13,1477.25,84
Baylor,13,1476.71,85
Hawai`i,13,1469.65,86
Louisiana-Monroe,13,1468.3,87
Nebraska,13,1467.83,88
Texas Tech,13,1462.77,89
Indiana,13,1457.09,90
Florida St,13,1449.44,91
SMU,13,1448.87,92
Tennessee,13,1448.7,93
Virginia Tech,13,1447.86,94
Mississippi,13,1440.25,95
Colorado,13,1435.78,96
Western Kentucky,13,1416.67,97
UNC-Charlotte,13,1416.19,98
UCLA,13,1414.46,99
Navy,13,1409.01,100
Coastal Carolina,13,1405.71,101
UNLV,13,1405.65,102
East Carolina,13,1402.39,103
Illinois,13,1400.67,104
Kansas,13,1400.11,105
Akron,13,1391.91,106
Tulsa,13,1390.66,107
North Carolina,13,1390.41,108
Massachusetts,13,1388.3,109
Texas St-San Marcos,13,1386.23,110
Ball St,13,1379.78,111
Old Dominion,13,1379.66,112
Texas-San Antonio,13,1377.26,113
New Mexico,13,1375.99,114
Arkansas,13,1370.48,115
Colorado St,13,1368.58,116
Bowling Green,13,1367.22,117
South Alabama,13,1365.01,118
Kent St,13,1354.37,119
Georgia St,13,1354.04,120
San José St,13,1348.44,121
Rutgers,13,1347.81,122
Louisville,13,1341.57,123
Rice,13,1338.83,124
Oregon St,13,1338.08,125
Central Michigan,13,1333.1,126
New Mexico St,13,1331.51,127
UTEP,13,1311.22,128
Connecticut,13,1296.46,129
Alabama,14,1738.71,1
Clemson,14,1722.02,2
Notre Dame,14,1693.82,3
Central Florida,14,1693.46,4
Ohio State,14,1681.97,5
Oklahoma,14,1680.76,6
Georgia,14,1662.46,7
Michigan,14,1646.97,8
Fresno St,14,1640.65,9
Appalachian St,14,1630.02,10
Boise St,14,1629.09,11
Penn State,14,1627.84,12
Washington,14,1626.51,13
Washington St,14,1617.47,14
Utah St,14,1615.68,15
Cincinnati,14,1595.93,16
Texas,14,1594.85,17
Missouri,14,1592.23,18
Mississippi St,14,1592.22,19
LSU,14,1592.2,20
Temple,14,1588.78,21
Iowa,14,1588.06,22
Ohio U.,14,1587.72,23
North Carolina St,14,1587.25,24
Syracuse,14,1583.49,25
Utah,14,1583.21,26
Army,14,1577.26,27
West Virginia,14,1577.13,28
Buffalo,14,1575.72,29
Iowa St,14,1572.62,30
Texas A&M,14,1569.82,31
Florida,14,1569.76,32
Kentucky,14,1567.64,33
Memphis,14,1564.78,34
Troy,14,1562.05,35
North Texas,14,1561.88,36
Stanford,14,1561.36,37
Arkansas St,14,1556.74,38
Alabama-Birmingham,14,1556.12,39
Georgia Southern,14,1553.23,40
Northwestern,14,1549.14,41
Miami FL,14,1547.27,42
Houston,14,1545.45,43
Michigan St,14,1540.88,44
Middle Tennessee St,14,1539.57,45
Oregon,14,1539.22,46
Purdue,14,1536.54,47
Arizona St,14,1536.31,48
Florida Int'l,14,1533.48,49
Georgia Tech,14,1532.88,50
Marshall,14,1530.97,51
Boston College,14,1530.76,52
Toledo,14,1527.6,53
Auburn,14,1527.23,54
Wisconsin,14,1527.21,55
South Carolina,14,1526.4,56
Miami OH,14,1526.38,57
Eastern Michigan,14,1518.86,58
Pittsburgh,14,1517.93,59
Virginia,14,1516.16,60
San Diego St,14,1511.46,61
Vanderbilt,14,1510.66,62
Northern Illinois,14,1509.22,63
Southern Miss,14,1506.97,64
Oklahoma St,14,1506.11,65
Brigham Young,14,1504.74,66
Wyoming,14,1498.93,67
Minnesota,14,1498.27,68
Nevada,14,1496.73,69
TCU,14,1496.24,70
Louisiana-Lafayette,14,1495.75,71
Duke,14,1494.46,72
Arizona,14,1492.03,73
Wake Forest,14,1490.72,74
Kansas St,14,1490.67,75
California,14,1489.64,76
Tulane,14,1487.71,77
Florida Atlantic,14,1484.99,78
Louisiana Tech,14,1484.7,79
Southern Cal,14,1484.59,80
South Florida,14,1484.04,81
Western Michigan,14,1481.8,82
Virginia Tech,14,1480.16,83
Air Force,14,1479.7,84
Maryland,14,1477.25,85
Baylor,14,1476.71,86
Hawai`i,14,1469.65,87
Louisiana-Monroe,14,1468.3,88
Nebraska,14,1467.83,89
Texas Tech,14,1462.77,90
Indiana,14,1457.09,91
Florida St,14,1449.44,92
SMU,14,1448.87,93
Tennessee,14,1448.7,94
Mississippi,14,1440.25,95
Colorado,14,1435.78,96
Western Kentucky,14,1416.67,97
UNC-Charlotte,14,1416.19,98
UCLA,14,1414.46,99
Navy,14,1409.01,100
Coastal Carolina,14,1405.71,101
UNLV,14,1405.65,102
Illinois,14,1400.67,103
Kansas,14,1400.11,104
Tulsa,14,1390.66,105
North Carolina,14,1390.41,106
Massachusetts,14,1388.3,107
East Carolina,14,1387.05,108
Texas St-San Marcos,14,1386.23,109
Ball St,14,1379.78,110
Old Dominion,14,1379.66,111
Texas-San Antonio,14,1377.26,112
Akron,14,1376.37,113
New Mexico,14,1375.99,114
Arkansas,14,1370.48,115
Colorado St,14,1368.58,116
Bowling Green,14,1367.22,117
South Alabama,14,1365.01,118
Kent St,14,1354.37,119
Georgia St,14,1354.04,120
San José St,14,1348.44,121
Rutgers,14,1347.81,122
Louisville,14,1341.57,123
Rice,14,1338.83,124
Oregon St,14,1338.08,125
Central Michigan,14,1333.1,126
New Mexico St,14,1331.51,127
UTEP,14,1311.22,128
Connecticut,14,1296.46,129
Alabama,15,1753.87,1
Clemson,15,1744.69,2
Central Florida,15,1693.46,3
Ohio State,15,1681.97,4
Notre Dame,15,1671.14,5
Oklahoma,15,1665.6,6
Georgia,15,1662.46,7
Fresno St,15,1654.51,8
Appalachian St,15,1650.4,9
Utah St,15,1639.69,10
Boise St,15,1629.09,11
Penn State,15,1627.84,12
Washington,15,1626.51,13
Washington St,15,1624.81,14
Michigan,15,1615.75,15
Army,15,1613.82,16
Ohio U.,15,1606.66,17
Syracuse,15,1604.41,18
Florida,15,1600.98,19
Cincinnati,15,1595.93,20
Texas,15,1594.85,21
Missouri,15,1592.23,22
Mississippi St,15,1592.22,23
LSU,15,1592.2,24
Iowa,15,1588.06,25
North Carolina St,15,1587.25,26
Utah,15,1583.21,27
Troy,15,1580.85,28
Alabama-Birmingham,15,1576.58,29
Texas A&M,15,1569.82,30
Kentucky,15,1567.64,31
Iowa St,15,1565.29,32
Stanford,15,1561.36,33
Georgia Southern,15,1560.54,34
Auburn,15,1557.49,35
Buffalo,15,1556.91,36
West Virginia,15,1556.21,37
Wisconsin,15,1555.2,38
Temple,15,1555.07,39
Memphis,15,1552.61,40
Marshall,15,1550.51,41
Northwestern,15,1549.14,42
Arkansas St,15,1544.23,43
Florida Int'l,15,1543.67,44
Virginia,15,1542.04,45
Michigan St,15,1540.88,46
Oregon,15,1539.22,47
North Texas,15,1537.87,48
Boston College,15,1530.76,49
Brigham Young,15,1528.77,50
Duke,15,1528.18,51
Miami OH,15,1526.38,52
Minnesota,15,1525.23,53
Arizona St,15,1522.45,54
Miami FL,15,1519.28,55
Middle Tennessee St,15,1519.18,56
Houston,15,1518.19,57
Pittsburgh,15,1517.93,58
Toledo,15,1517.41,59
Eastern Michigan,15,1511.55,60
Tulane,15,1509.97,61
Nevada,15,1509.25,62
Southern Miss,15,1506.97,63
TCU,15,1506.47,64
Purdue,15,1506.29,65
Oklahoma St,15,1506.11,66
Georgia Tech,15,1505.92,67
Louisiana Tech,15,1505.58,68
Wake Forest,15,1502.89,69
South Carolina,15,1500.52,70
Wyoming,15,1498.93,71
Baylor,15,1494.09,72
Vanderbilt,15,1493.27,73
San Diego St,15,1492.52,74
Arizona,15,1492.03,75
Kansas St,15,1490.67,76
Northern Illinois,15,1488.76,77
Florida Atlantic,15,1484.99,78
Southern Cal,15,1484.59,79
Virginia Tech,15,1480.16,80
Air Force,15,1479.7,81
California,15,1479.41,82
Maryland,15,1477.25,83
Louisiana-Lafayette,15,1473.49,84
Louisiana-Monroe,15,1468.3,85
Nebraska,15,1467.83,86
South Florida,15,1464.5,87
Texas Tech,15,1462.77,88
Western Michigan,15,1457.78,89
Indiana,15,1457.09,90
Florida St,15,1449.44,91
SMU,15,1448.87,92
Hawai`i,15,1448.77,93
Tennessee,15,1448.7,94
Mississippi,15,1440.25,95
Colorado,15,1435.78,96
Western Kentucky,15,1416.67,97
UNC-Charlotte,15,1416.19,98
UCLA,15,1414.46,99
Coastal Carolina,15,1405.71,100
UNLV,15,1405.65,101
Illinois,15,1400.67,102
Kansas,15,1400.11,103
Navy,15,1399.72,104
Tulsa,15,1390.66,105
North Carolina,15,1390.41,106
Massachusetts,15,1388.3,107
East Carolina,15,1387.05,108
Texas St-San Marcos,15,1386.23,109
Ball St,15,1379.78,110
Old Dominion,15,1379.66,111
Texas-San Antonio,15,1377.26,112
Akron,15,1376.37,113
New Mexico,15,1375.99,114
Arkansas,15,1370.48,115
Colorado St,15,1368.58,116
Bowling Green,15,1367.22,117
South Alabama,15,1365.01,118
Kent St,15,1354.37,119
Georgia St,15,1354.04,120
San José St,15,1348.44,121
Rutgers,15,1347.81,122
Louisville,15,1341.57,123
Rice,15,1338.83,124
Oregon St,15,1338.08,125
Central Michigan,15,1333.1,126
New Mexico St,15,1331.51,127
UTEP,15,1311.22,128
Connecticut,15,1296.46,129
Alabama,16,1772.61,1
Clemson,16,1769.55,2
Ohio State,16,1722.6,3
Oklahoma,16,1681.17,4
Notre Dame,16,1680.88,5
Central Florida,16,1669.64,6
Georgia,16,1649.14,7
Michigan,16,1642.01,8
Penn State,16,1641.07,9
Washington St,16,1634.15,10
LSU,16,1633.27,11
Syracuse,16,1632.05,12
Texas,16,1630.49,13
Utah St,16,1628.39,14
Washington,16,1627.66,15
Iowa,16,1624.31,16
Fresno St,16,1623.24,17
Appalachian St,16,1622.46,18
Boise St,16,1619.23,19
Texas A&M,16,1616.65,20
Army,16,1608.93,21
Florida,16,1608.63,22
Cincinnati,16,1599.98,23
Missouri,16,1596.58,24
Mississippi St,16,1595.59,25
Northwestern,16,1591.36,26
Kentucky,16,1585.26,27
North Carolina St,16,1584.06,28
Auburn,16,1581.02,29
Iowa St,16,1580.58,30
Ohio U.,16,1575.99,31
Wisconsin,16,1575.52,32
Stanford,16,1575.2,33
West Virginia,16,1573.54,34
Utah,16,1572.28,35
Michigan St,16,1565.66,36
Boston College,16,1559.32,37
Troy,16,1554.65,38
Temple,16,1554.27,39
Memphis,16,1554.03,40
Oregon,16,1552.89,41
Virginia,16,1547.76,42
Alabama-Birmingham,16,1547.55,43
Minnesota,16,1544.38,44
Marshall,16,1539.97,45
Georgia Southern,16,1536.27,46
Duke,16,1535.61,47
Oklahoma St,16,1534.15,48
Florida Int'l,16,1532.29,49
Purdue,16,1531.83,50
Wake Forest,16,1528.52,51
Buffalo,16,1526.95,52
Miami FL,16,1526.77,53
Arizona St,16,1526.7,54
Brigham Young,16,1526.63,55
TCU,16,1523.59,56
Pittsburgh,16,1522.16,57
Houston,16,1519.84,58
Georgia Tech,16,1511.54,59
Tulane,16,1509.5,60
Baylor,16,1508.72,61
Kansas St,16,1506.04,62
Middle Tennessee St,16,1505.8,63
North Texas,16,1505.59,64
Maryland,16,1505.18,65
South Carolina,16,1502.1,66
Arizona,16,1501.45,67
Toledo,16,1499.75,68
Vanderbilt,16,1495.64,69
Miami OH,16,1495.35,70
Eastern Michigan,16,1494.29,71
Southern Cal,16,1492.62,72
Arkansas St,16,1492.43,73
California,16,1491.72,74
Nebraska,16,1491.09,75
Wyoming,16,1490.48,76
Indiana,16,1486.37,77
Texas Tech,16,1479.73,78
Florida St,16,1477.5,79
Virginia Tech,16,1475.63,80
Northern Illinois,16,1475.37,81
Florida Atlantic,16,1474.25,82
Louisiana Tech,16,1473.28,83
Nevada,16,1473.26,84
Air Force,16,1470.58,85
Southern Miss,16,1469.55,86
South Florida,16,1461.76,87
Mississippi,16,1459.08,88
San Diego St,16,1456.7,89
SMU,16,1451.34,90
Tennessee,16,1451.07,91
Western Michigan,16,1446.66,92
Colorado,16,1445.21,93
Louisiana-Lafayette,16,1428.32,94
Illinois,16,1422.91,95
UCLA,16,1422.42,96
Louisiana-Monroe,16,1418.16,97
Kansas,16,1417.18,98
Hawai`i,16,1415.01,99
Western Kentucky,16,1405.05,100
UNC-Charlotte,16,1403.65,101
Navy,16,1399.48,102
North Carolina,16,1395.84,103
Tulsa,16,1393.63,104
Arkansas,16,1392.63,105
East Carolina,16,1386.39,106
Massachusetts,16,1385.44,107
Coastal Carolina,16,1379.08,108
Rutgers,16,1372.69,109
Louisville,16,1370.32,110
UNLV,16,1368.12,111
Old Dominion,16,1367.89,112
New Mexico,16,1366.42,113
Ball St,16,1364.47,114
Colorado St,16,1359.62,115
Oregon St,16,1350.42,116
Akron,16,1347.42,117
Texas-San Antonio,16,1344.85,118
Bowling Green,16,1339.61,119
Texas St-San Marcos,16,1330.73,120
Georgia St,16,1328.0,121
Kent St,16,1327.96,122
New Mexico St,16,1323.96,123
Central Michigan,16,1319.97,124
San José St,16,1314.43,125
South Alabama,16,1313.69,126
Rice,16,1307.4,127
Connecticut,16,1294.84,128
UTEP,16,1275.6,129
Clemson,17,1795.0,1
Alabama,17,1747.17,2
Ohio State,17,1722.6,3
Oklahoma,17,1681.17,4
Notre Dame,17,1680.88,5
Central Florida,17,1669.64,6
Georgia,17,1649.14,7
Michigan,17,1642.01,8
Penn State,17,1641.07,9
Washington St,17,1634.15,10
LSU,17,1633.27,11
Syracuse,17,1632.05,12
Texas,17,1630.49,13
Utah St,17,1628.39,14
Washington,17,1627.66,15
Iowa,17,1624.31,16
Fresno St,17,1623.24,17
Appalachian St,17,1622.46,18
Boise St,17,1619.23,19
Texas A&M,17,1616.65,20
Army,17,1608.93,21
Florida,17,1608.63,22
Cincinnati,17,1599.98,23
Missouri,17,1596.58,24
Mississippi St,17,1595.59,25
Northwestern,17,1591.36,26
Kentucky,17,1585.26,27
North Carolina St,17,1584.06,28
Auburn,17,1581.02,29
Iowa St,17,1580.58,30
Ohio U.,17,1575.99,31
Wisconsin,17,1575.52,32
Stanford,17,1575.2,33
West Virginia,17,1573.54,34
Utah,17,1572.28,35
Michigan St,17,1565.66,36
Boston College,17,1559.32,37
Troy,17,1554.65,38
Temple,17,1554.27,39
Memphis,17,1554.03,40
Oregon,17,1552.89,41
Virginia,17,1547.76,42
Alabama-Birmingham,17,1547.55,43
Minnesota,17,1544.38,44
Marshall,17,1539.97,45
Georgia Southern,17,1536.27,46
Duke,17,1535.61,47
Oklahoma St,17,1534.15,48
Florida Int'l,17,1532.29,49
Purdue,17,1531.83,50
Wake Forest,17,1528.52,51
Buffalo,17,1526.95,52
Miami FL,17,1526.77,53
Arizona St,17,1526.7,54
Brigham Young,17,1526.63,55
TCU,17,1523.59,56
Pittsburgh,17,1522.16,57
Houston,17,1519.84,58
Georgia Tech,17,1511.54,59
Tulane,17,1509.5,60
Baylor,17,1508.72,61
Kansas St,17,1506.04,62
Middle Tennessee St,17,1505.8,63
North Texas,17,1505.59,64
Maryland,17,1505.18,65
South Carolina,17,1502.1,66
Arizona,17,1501.45,67
Toledo,17,1499.75,68
Vanderbilt,17,1495.64,69
Miami OH,17,1495.35,70
Eastern Michigan,17,1494.29,71
Southern Cal,17,1492.62,72
Arkansas St,17,1492.43,73
California,17,1491.72,74
Nebraska,17,1491.09,75
Wyoming,17,1490.48,76
Indiana,17,1486.37,77
Texas Tech,17,1479.73,78
Florida St,17,1477.5,79
Virginia Tech,17,1475.63,80
Northern Illinois,17,1475.37,81
Florida Atlantic,17,1474.25,82
Louisiana Tech,17,1473.28,83
Nevada,17,1473.26,84
Air Force,17,1470.58,85
Southern Miss,17,1469.55,86
South Florida,17,1461.76,87
Mississippi,17,1459.08,88
San Diego St,17,1456.7,89
SMU,17,1451.34,90
Tennessee,17,1451.07,91
Western Michigan,17,1446.66,92
Colorado,17,1445.21,93
Louisiana-Lafayette,17,1428.32,94
Illinois,17,1422.91,95
UCLA,17,1422.42,96
Louisiana-Monroe,17,1418.16,97
Kansas,17,1417.18,98
Hawai`i,17,1415.01,99
Western Kentucky,17,1405.05,100
UNC-Charlotte,17,1403.65,101
Navy,17,1399.48,102
North Carolina,17,1395.84,103
Tulsa,17,1393.63,104
Arkansas,17,1392.63,105
East Carolina,17,1386.39,106
Massachusetts,17,1385.44,107
Coastal Carolina,17,1379.08,108
Rutgers,17,1372.69,109
Louisville,17,1370.32,110
UNLV,17,1368.12,111
Old Dominion,17,1367.89,112
New Mexico,17,1366.42,113
Ball St,17,1364.47,114
Colorado St,17,1359.62,115
Oregon St,17,1350.42,116
Akron,17,1347.42,117
Texas-San Antonio,17,1344.85,118
Bowling Green,17,1339.61,119
Texas St-San Marcos,17,1330.73,120
Georgia St,17,1328.0,121
Kent St,17,1327.96,122
New Mexico St,17,1323.96,123
Central Michigan,17,1319.97,124
San José St,17,1314.43,125
South Alabama,17,1313.69,126
Rice,17,1307.4,127
Connecticut,17,1294.84,128
UTEP,17,1275.6,129
